{
    "rmse": 0.8050018977046257,
    "mae": 0.6480280553080486,
    "r2": 0.00838218049366879
}